,J293t-dm,pbmc-1B-dm,hm-12k,HMEC-orig-MULTI,pbmc-ch,pbmc-2stim-dm,nuc-MULTI,mkidney-ch,pbmc-1A-dm,HEK-HMEC-MULTI,pbmc-1C-dm,pbmc-2ctrl-dm,hm-6k,cline-ch,pdx-MULTI,HMEC-rep-MULTI,DOGMAseq1-RNA-ch,DOGMAseq-DIG-RNA-ch
0.8,0.5388854231648992,0.7727133249264397,0.9957620358725087,0.7622249567126659,0.8390341959755437,0.923799742,0.7975209629010799,0.7270043560792477,0.8373531571218796,0.8007174384931858,0.8355363010583444,0.9246905261702991,0.9999215572213629,0.6104354599566502,0.737825787,0.7180147650078682,0.8452123959858122,0.9116788685041258
0.6,0.4850280723643169,0.7480895334174021,0.9952641716804334,0.7617197600255349,0.8377626082444961,0.9230649950453751,0.800101076,0.7274659397313938,0.838687854,0.8015111007975299,0.8359272394638266,0.9156496625654174,0.9998845392808824,0.6109287073898227,0.7371822111206414,0.7136745076702457,0.8435015254319117,0.9099225204157382
0.4,0.48170097733416506,0.7578457335014712,0.9968573597561666,0.7590189977250854,0.8278217665427661,0.9204452948781582,0.7987049929350124,0.7279214657802414,0.838740298,0.7986935996171083,0.8349320073792819,0.9138105793020813,0.9998334192678381,0.6108305628269841,0.7391914128833303,0.7090185151692324,0.8446169158322107,0.9095289530649614
0.2,0.5001559575795383,0.7801912568306011,0.9982272227698653,0.751517233,0.8178511936398076,0.9189327056892966,0.7970180595521725,0.7284788606039962,0.813006083,0.8001604648202133,0.8301315137237266,0.9109287543249607,0.9995460895393471,0.6021165248409359,0.7351672589962084,0.6977568211737825,0.8395541516544569,0.9071340785500834
0.1,0.4694843002703265,0.6856368221941991,0.9981726095380536,0.7424171083845006,0.7613296947859097,0.9155714213347567,0.764756335,0.7238749534146001,0.7180616740088105,0.794267824,0.7708436604099488,0.910849839,0.999479105,0.6029794711659585,0.7302262183853779,0.6894379876516551,0.8291432252654205,0.901543369
0.05,0.496777,0.742678,0.927275,0.685181,0.788318,0.911062,0.751916,0.618488,0.718206,0.783827,0.754629,0.894591,0.990033,0.585044,0.711008,0.654963,0.839065,0.822188