,HEK-HMEC-MULTI,HMEC-orig-MULTI,HMEC-rep-MULTI,J293t-dm,cline-ch,hm-12k,hm-6k,mkidney-ch,nuc-MULTI,pbmc-1A-dm,pbmc-1B-dm,pbmc-1C-dm,pbmc-2ctrl-dm,pbmc-2stim-dm,pbmc-ch,pdx-MULTI,DOGMAseq1-RNA-ch,DOGMAseq-DIG-RNA-ch
DoubletFinder,0.368,0.40031,0.36886,0.091636,0.2908387,0.72103184,0.988,0.282158,0.3517,0.415741,0.2773125,0.450588,0.47424,0.22168,0.2669688,0.353523,0.583,0.653
Scrublet,0.50137741,0.328263625,0.000609199,0.212765957,0.276765376,0.830838323,0.927710843,0.19515404,0.057259714,0.151515152,0.325358852,0.28708134,0.549734244,0.553835074,0.436639505,0.001517451,0.528874659,0
bcds,0.396843292,0.373421007,0.411546031,0.17721519,0.316400581,0.618581907,0.612716763,0.382033008,0.378909741,0.405063291,0.350877193,0.495552732,0.651104886,0.675061425,0.565288484,0.431252132,0.629156816,0.692889561
cxds,0.478527607,0.40743934,0.381140351,0.163934426,0.300489596,0.670344828,0.472375691,0.387181278,0.363819095,0.318302387,0.231536926,0.350917431,0.526910299,0.44137931,0.546294352,0.302622083,0.559512034,0.604968339
hybrid,0.460743802,0.442428035,0.41717524,0.181818182,0.337078652,0.762886598,0.705394191,0.432225973,0.3726607,0.446991404,0.327710843,0.456391876,0.668206757,0.671411625,0.587051018,0.386721025,0.685705917,0.742296155
RADO,0.50728863,0.478823149,0.448542024,0.210526316,0.299086758,0.766561514,0.814285714,0.407905572,0.441774492,0.448484848,0.401041667,0.551539491,0.710295728,0.713418001,0.64913406,0.465339233,0.71466592,0.773994638
scDblFinder,0.468641115,0.492382365,0.460557091,0.175438596,0.342105263,0.695945946,0.510447761,0.461302159,0.423480084,0.589928058,0.482352941,0.581005587,0.731111111,0.710730533,0.651521835,0.441345365,0.694572345,0.748083389
solo,0.504559271,0.236722931,0.461754668,0.188679245,0.349311818,0.834003446,0.75,0.510742988,0.270703473,0.339366516,0.251626898,0.462540717,0.693155601,0.717425432,0.635555556,0.408850109,0.710562795,0.764173543
vaeda,0.418929403,0.49142431,0.401987353,0.090909091,0.325581395,0.739949109,0.617059891,0.411489999,0.421307506,0.564705882,0.451612903,0.588419405,0.70609319,0.672368033,0.604077974,0.43247654,0.699478865,0.749308084