,J293t-dm,pbmc-1B-dm,hm-12k,HMEC-orig-MULTI,pbmc-ch,pbmc-2stim-dm,nuc-MULTI,mkidney-ch,pbmc-1A-dm,HEK-HMEC-MULTI,pbmc-1C-dm,pbmc-2ctrl-dm,hm-6k,cline-ch,pdx-MULTI,HMEC-rep-MULTI,DOGMAseq1-RNA-ch,DOGMAseq-DIG-RNA-ch
0.05,0.21428571428571427,0.3948717948717949,0.7617554858934169,0.48127310721748917,0.6498395721925134,0.7117988394584138,0.4434137291280149,0.405977812414046,0.4457831325301205,0.5082444228903977,0.552,0.7101369863013699,0.8009367681498829,0.2982857142857143,0.46615440907427735,0.4464516129032258,0.7144058295964125,0.7737871884213349
0.1,0.21052631578947364,0.4010416666666667,0.7665615141955836,0.47882314904623346,0.6491340602950609,0.7134180011043624,0.4417744916820702,0.4079055723304968,0.4484848484848485,0.5072886297376094,0.5515394912985274,0.7102957283680175,0.8142857142857143,0.2990867579908676,0.4653392330383481,0.44854202401372206,0.7146659195965822,0.7739946380697053
0.3,0.21052631578947364,0.402088772845953,0.7645516518091243,0.48034654259586074,0.6497223408799657,0.7125864453665284,0.44259259259259265,0.4069256137779406,0.4484848484848485,0.5092322643343051,0.5510752688172044,0.7106849315068494,0.8085106382978724,0.2981153626499143,0.46583394562821456,0.4465977605512489,0.7147458339168185,0.7738908993432517
0.6,0.20689655172413796,0.4052631578947369,0.7637506547930853,0.4796132151490733,0.6494228302693458,0.7140486725663716,0.443002780352178,0.40637888369535335,0.44984802431610943,0.509765625,0.5510752688172044,0.7099424815119146,0.8047058823529412,0.29925756710451173,0.46487679293858036,0.4477868500214869,0.7148459383753502,0.7740984046118782
0.9,0.20689655172413796,0.39793281653746776,0.7621536853110298,0.47948303715670426,0.6492840350502244,0.7127836192584394,0.4417744916820702,0.4071768582936653,0.4525993883792049,0.5077821011673151,0.5557046979865772,0.7103315976979995,0.8028169014084507,0.298745724059293,0.46544117647058825,0.4484536082474227,0.715126050420168,0.7744098712446352
