,J293t-dm,pbmc-1B-dm,hm-12k,HMEC-orig-MULTI,pbmc-ch,pbmc-2stim-dm,nuc-MULTI,mkidney-ch,pbmc-1A-dm,HEK-HMEC-MULTI,pbmc-1C-dm,pbmc-2ctrl-dm,hm-6k,cline-ch,pdx-MULTI,HMEC-rep-MULTI,DOGMAseq1-RNA-ch,DOGMAseq-DIG-RNA-ch
0.05,0.5313474734872116,0.7778268179907524,0.9984837463317358,0.7601987995097045,0.8328560183993838,0.9259234305218366,0.7962403952267499,0.7275103017860788,0.8421517726033143,0.8012617216267741,0.8385775718892289,0.9225214780757718,0.9999233199804334,0.620183802780973,0.7405828735792273,0.7161785327977964,0.844049458589155,0.9106707910015468
0.1,0.5302037845705968,0.7807566204287516,0.9986780651959617,0.7595660851829602,0.8329263637181783,0.9255050510721877,0.795867858947781,0.7275314104603591,0.8402008600797146,0.8013751307326993,0.8385194421590021,0.9225664236202683,0.9999259641190391,0.6208814917552782,0.7405393653275004,0.7158345119387762,0.8438498344086132,0.9107074387631747
0.3,0.5315554169265959,0.7785161832702816,0.9985828886094021,0.7601610591929037,0.833008147676698,0.9262457369140386,0.7957824602658911,0.7274312765144061,0.8395898888189637,0.8013946701346083,0.8394507954191219,0.9226298910991562,0.9999242013599686,0.6199539572613564,0.7405655802119229,0.7147573801241782,0.8435537860621559,0.9107142436629241
0.6,0.5334788937409025,0.7783627574611183,0.9985490102768052,0.7595666553339451,0.8329548754153068,0.9256312686110356,0.7957977247645864,0.7274890024712543,0.838915984896161,0.8013431022285392,0.8397689119647594,0.9226559590068177,0.9999233199804334,0.620976690929307,0.7405552211043688,0.7149814320586358,0.8435439124275387,0.9106520212526196
0.9,0.5335308796007485,0.7780916351408156,0.998566119401294,0.7596062471087827,0.8330179345830214,0.9262770791894029,0.7958228905597325,0.7275024092675402,0.8403398363750787,0.8013124837843107,0.839466765125228,0.9226235392698038,0.9999242013599686,0.6210052506815157,0.740487612071802,0.7149508083571685,0.8435669003200701,0.9107288577478823
