,J293t-dm,pbmc-1B-dm,hm-12k,HMEC-orig-MULTI,pbmc-ch,pbmc-2stim-dm,nuc-MULTI,mkidney-ch,pbmc-1A-dm,HEK-HMEC-MULTI,pbmc-1C-dm,pbmc-2ctrl-dm,hm-6k,cline-ch,pdx-MULTI,HMEC-rep-MULTI,DOGMAseq1-RNA-ch,DOGMAseq-DIG-RNA-ch
0.05,0.2376552450108458,0.38330041310255747,0.9731082075775237,0.46335256714716,0.6495230014246391,0.702316322755965,0.46380984891130744,0.6235771703253079,0.4930844619254836,0.49681356902535784,0.5706595482642178,0.6909484377214695,0.9978268043677319,0.40934824986577517,0.44876369204383393,0.6105184147617915,0.7270664403082545,0.786236735191538
0.1,0.2371564368832231,0.38318414847396065,0.9783059841367787,0.4632744112072109,0.6495513747925499,0.7019315839628533,0.4633409879816618,0.623560604301052,0.4902345678081851,0.49704389918597636,0.5676424404729957,0.691080138448341,0.9978904197594247,0.4106280438256871,0.4489504165091829,0.6103967493857981,0.7269889085764267,0.7864625494568918
0.3,0.23855674001293514,0.3893593248860009,0.975979012666393,0.4632743954299585,0.6495390840070164,0.7023973327616962,0.4636076951644907,0.623476815426999,0.4909822822517013,0.4964122358764215,0.5657009315678752,0.6912660347999459,0.997843415458109,0.41002619321063744,0.44878041195775814,0.6099672570102594,0.7269837429553732,0.7864225943652003
0.6,0.2382774773730555,0.3884828726993374,0.9754234789113535,0.4632879266147589,0.6495208549422162,0.702219533159258,0.46377327527105844,0.6235317447711186,0.4919172441100303,0.4965591195319106,0.5671723320391705,0.6911892092488849,0.9978268043677319,0.4106450647210072,0.4488519446109368,0.6099536580610037,0.7269126037723312,0.7863418760038544
0.9,0.23879038414413795,0.388124879968871,0.9758782563850734,0.4633462454693983,0.6495505895484169,0.7023216761975271,0.4637836042840874,0.6235266322237911,0.49352509908967185,0.49687596548826124,0.567617394502601,0.6912367536685413,0.997843415458109,0.4105813147251304,0.44897184306629756,0.6099729304293597,0.7269616937902471,0.7865445416940515
