,J293t-dm,pbmc-1B-dm,hm-12k,HMEC-orig-MULTI,pbmc-ch,pbmc-2stim-dm,nuc-MULTI,mkidney-ch,pbmc-1A-dm,HEK-HMEC-MULTI,pbmc-1C-dm,pbmc-2ctrl-dm,hm-6k,cline-ch,pdx-MULTI,HMEC-rep-MULTI,DOGMAseq1-RNA-ch,DOGMAseq-DIG-RNA-ch
0.01,0.24169582466098039,0.2650004331002454,0.9215328871292796,0.4506059592322299,0.6018614091622907,0.6468149868578519,0.4069622538645259,0.5837637354879217,0.38619493006980143,0.3541104680647691,0.541484716719341,0.6444912519742306,0.9963625901682764,0.3468841322072872,0.41705469578465015,0.5662881858667757,0.7119385252414999,0.7741403118367801
0.001,0.23858281436509257,0.3643540399481193,0.964086252123305,0.45262872982871805,0.6436374241451811,0.635964585043339,0.4413358006403676,0.606322324517919,0.5139196780903719,0.48372812839538976,0.5420913456160424,0.6683120734993654,0.996360170134694,0.4017027585046007,0.428363275549256,0.5854312160063946,0.7184559833142106,0.7624715271035454
0.0001,0.2371564368832231,0.38318414847396065,0.9783059841367787,0.4632744112072109,0.6495513747925499,0.7019315839628533,0.4633409879816618,0.623560604301052,0.4902345678081851,0.49704389918597636,0.5676424404729957,0.691080138448341,0.9978904197594247,0.4106280438256871,0.4489504165091829,0.6103967493857981,0.7269889085764267,0.7864625494568918
1e-05,0.1010968922232941,0.37360154380402943,0.9956019460854916,0.46277644156600495,0.6502405089172942,0.651361412942011,0.40143671287470684,0.6241910673323952,0.42336714816970145,0.49511337565505176,0.5385796502999778,0.6896106640911747,0.9982283475929675,0.4120045967405721,0.44932893383246825,0.6106429005066322,0.7267595478629868,0.7845412560717903
1e-06,0.0718261083027181,0.0341245279868282,0.07637837458962263,0.16531456135326555,0.30540236764000595,0.18114594142714785,0.1111400847776697,0.4066267414090599,0.04722397960143801,0.03535411140011334,0.1228883087903217,0.16779486712154784,0.02735350817084751,0.1931054988401636,0.16225681077126314,0.3682773987177706,0.27050032617135883,0.28082131552067474
