,J293t-dm,pbmc-1B-dm,hm-12k,HMEC-orig-MULTI,pbmc-ch,pbmc-2stim-dm,nuc-MULTI,mkidney-ch,pbmc-1A-dm,HEK-HMEC-MULTI,pbmc-1C-dm,pbmc-2ctrl-dm,hm-6k,cline-ch,pdx-MULTI,HMEC-rep-MULTI,DOGMAseq1-RNA-ch,DOGMAseq-DIG-RNA-ch
0.01,0.5522977750051985,0.7311475409836066,0.9947811505036428,0.7459748934442985,0.795695906927447,0.9018081947573058,0.7759237600173272,0.6773473555935527,0.7844084329767148,0.75563218224098,0.8196694398593644,0.9056793738823957,0.9998889461785586,0.5775275775176367,0.7260746686163775,0.6799519673400626,0.8306767007076736,0.8958059809839588
0.001,0.5522457891453525,0.7657124842370744,0.9980003852385646,0.7482758082460361,0.8239700168708359,0.9021391851557395,0.7835937580576956,0.7078610190015433,0.830008391021607,0.8059360702999481,0.8275814710526718,0.9143135171501935,0.999889827558094,0.6011896215017591,0.726948808165649,0.6884098913344987,0.8361902686171397,0.897255952746222
0.0001,0.5302037845705968,0.7807566204287516,0.9986780651959617,0.7595660851829602,0.8329263637181783,0.9255050510721877,0.795867858947781,0.7275314104603591,0.8402008600797146,0.8013751307326993,0.8385194421590021,0.9225664236202683,0.9999259641190391,0.6208814917552782,0.7405393653275004,0.7158345119387762,0.8438498344086132,0.9107074387631747
1e-05,0.5243293824079851,0.7636443883984867,0.9997042727489037,0.7591324393790951,0.8329537639685319,0.9071603374485042,0.794100064977258,0.7277693203277591,0.803857247744913,0.7985683057203312,0.8335279508184155,0.9200017073717299,0.9999418289506736,0.6238337706709753,0.7406724270069798,0.7180874101892633,0.8435729798365026,0.9101639298618117
1e-06,0.4425036390101892,0.5195439260193359,0.6599447635881573,0.5582569547630193,0.6266256028248037,0.6142029666861057,0.5573171612157968,0.5742070225532911,0.5810258023914412,0.4116508820529183,0.6650660762559855,0.6204639172900351,0.5857939246508636,0.5159658482167512,0.5798215747314899,0.5657220747330206,0.6010755584084944,0.6425549790880063
