,J293t-dm,pbmc-1B-dm,hm-12k,HMEC-orig-MULTI,pbmc-ch,pbmc-2stim-dm,nuc-MULTI,mkidney-ch,pbmc-1A-dm,HEK-HMEC-MULTI,pbmc-1C-dm,pbmc-2ctrl-dm,hm-6k,cline-ch,pdx-MULTI,HMEC-rep-MULTI,DOGMAseq1-RNA-ch,DOGMAseq-DIG-RNA-ch
0.01,0.14655172413793105,0.17118997912317327,0.7380339680905816,0.46471484176679645,0.5896622504198545,0.633943833943834,0.42237061769616024,0.4156216409888928,0.24600638977635786,0.20949720670391064,0.4458077709611452,0.6423105406072575,0.6867469879518072,0.30269307812152235,0.3991346673877772,0.4703852788959172,0.7133668903803132,0.7790364405623038
0.001,0.15602836879432622,0.39185750636132316,0.7551867219917012,0.4750373196218278,0.6428725935539693,0.6864864864864865,0.43486410496719774,0.4059369877982153,0.47741935483870973,0.5194029850746268,0.5547850208044384,0.7016693591814755,0.8066037735849056,0.29566210045662106,0.4547383309759548,0.4456896551724138,0.7165520146005897,0.7704548468372894
0.0001,0.21052631578947364,0.4010416666666667,0.7665615141955836,0.47882314904623346,0.6491340602950609,0.7134180011043624,0.4417744916820702,0.4079055723304968,0.4484848484848485,0.5072886297376094,0.5515394912985274,0.7102957283680175,0.8142857142857143,0.2990867579908676,0.4653392330383481,0.44854202401372206,0.7146659195965822,0.7739946380697053
1e-05,0.13061224489795917,0.37560975609756103,0.8234630569655951,0.47945648657392426,0.6532534246575342,0.6452958040135522,0.4097959183673469,0.4066801247935401,0.31929046563192903,0.518444666001994,0.5078979343863912,0.7026143790849674,0.8549999999999999,0.29914040114613183,0.46965699208443273,0.44735149045678746,0.7148876404494383,0.7757185065807145
1e-06,0.11333333333333334,0.06927985414767548,0.18125588274842008,0.24773889107353517,0.3172306322350846,0.23025210084033612,0.15258677144728225,0.493709842881054,0.0760578468130691,0.0693349203987502,0.14964539007092198,0.23064463880790412,0.0906058921623124,0.276219746446408,0.24041146216017636,0.42841314785177886,0.3873205355702533,0.36204555739930605
