,J293t-dm,pbmc-1B-dm,hm-12k,HMEC-orig-MULTI,pbmc-ch,pbmc-2stim-dm,nuc-MULTI,mkidney-ch,pbmc-1A-dm,HEK-HMEC-MULTI,pbmc-1C-dm,pbmc-2ctrl-dm,hm-6k,cline-ch,pdx-MULTI,HMEC-rep-MULTI,DOGMAseq1-RNA-ch,DOGMAseq-DIG-RNA-ch
0.1,0.20282499616510175,0.35002832671379275,0.8652359323139832,0.42134362482536325,0.6106417647436939,0.6236540725704551,0.40035629986640975,0.6119646352507813,0.4500083579471757,0.4521127475996084,0.45299951429687013,0.6120604179201802,0.9980801377493722,0.38206666979573994,0.4185074459290962,0.619408485832068,0.7221532473797068,0.7711062524239447
0.5,0.22659591212068902,0.39761853446581735,0.9385004856171774,0.4405535676558332,0.6279068782616226,0.6693476888987979,0.468165032172337,0.6144038496319824,0.5177467461532271,0.48573685235596575,0.5720912666720726,0.6778925155670702,0.9978770486376348,0.40726301015942296,0.4508371638494061,0.6085572013281749,0.7215165440820573,0.7820277314160655
1.0,0.2371564368832231,0.38318414847396065,0.9783059841367787,0.4632744112072109,0.6495513747925499,0.7019315839628533,0.4633409879816618,0.623560604301052,0.4902345678081851,0.49704389918597636,0.5676424404729957,0.691080138448341,0.9978904197594247,0.4106280438256871,0.4489504165091829,0.6103967493857981,0.7269889085764267,0.7864625494568918
1.5,0.23386059308361853,0.3821292136960659,0.9627712021682913,0.4670700969042782,0.6505290635144235,0.7008689138875173,0.4579821422232165,0.6246119294309846,0.5025848679181898,0.4965273309059108,0.555190509731252,0.6923657545796701,0.9977804028657367,0.40768117612625887,0.4476491340025096,0.6107933517126948,0.72765268519559,0.7868182853414543
2.0,0.23472369401933438,0.3859698242502656,0.950023484115924,0.4689501711636428,0.6498863257738898,0.6996602928655726,0.45468478145556857,0.6240454805216825,0.4962388557475719,0.49597422709818234,0.5549086415549258,0.6910339014130668,0.9977804028657367,0.4081973179923371,0.44653697921843527,0.6108290440292048,0.7281111957017818,0.7865830554736051
