,J293t-dm,pbmc-1B-dm,hm-12k,HMEC-orig-MULTI,pbmc-ch,pbmc-2stim-dm,nuc-MULTI,mkidney-ch,pbmc-1A-dm,HEK-HMEC-MULTI,pbmc-1C-dm,pbmc-2ctrl-dm,hm-6k,cline-ch,pdx-MULTI,HMEC-rep-MULTI,DOGMAseq1-RNA-ch,DOGMAseq-DIG-RNA-ch
0.1,0.14814814814814814,0.43986254295532645,0.7654320987654322,0.40977443609022557,0.21978774392331393,0.40721196130167103,0.3388804841149773,0.2730013514918391,0.4912280701754386,0.515185601799775,0.48,0.6004243281471005,0.9911504424778761,0.26041055718475076,0.4463913224864414,0.27073107724102297,0.6905478627332932,0.7579599056603774
0.5,0.1627906976744186,0.45454545454545453,0.7459231983166754,0.45615239402780156,0.573128408527516,0.7160346372051358,0.45424476295479604,0.3680865193055688,0.5323741007194245,0.5323741007194244,0.5975232198142415,0.7218445167011529,0.7292110874200427,0.29731275014293884,0.4791496320523303,0.39351100811123985,0.7107268464243846,0.7816091954022988
1.0,0.21052631578947364,0.4010416666666667,0.7665615141955836,0.47882314904623346,0.6491340602950609,0.7134180011043624,0.4417744916820702,0.4079055723304968,0.4484848484848485,0.5072886297376094,0.5515394912985274,0.7102957283680175,0.8142857142857143,0.2990867579908676,0.4653392330383481,0.44854202401372206,0.7146659195965822,0.7739946380697053
1.5,0.20338983050847456,0.3684210526315789,0.7242921013412816,0.48525302701024525,0.6515403830141548,0.7054032039098561,0.4389815627743635,0.432794498526391,0.44179104477611936,0.4953095684803002,0.5319693094629155,0.7029063509149623,0.7755102040816326,0.30439684329199546,0.4575799721835883,0.45640700865526707,0.71440489432703,0.7684391080617495
2.0,0.19354838709677416,0.3640661938534279,0.7057115198451113,0.4879902705989662,0.6494845360824741,0.7054368406816337,0.43448275862068964,0.44059712039572485,0.4314868804664723,0.48628884826325414,0.517412935323383,0.7006948156066275,0.7583148558758315,0.30500844119302195,0.4525891055817081,0.4575986565910999,0.71292064810968,0.7669034464614575
