,J293t-dm,pbmc-1B-dm,hm-12k,HMEC-orig-MULTI,pbmc-ch,pbmc-2stim-dm,nuc-MULTI,mkidney-ch,pbmc-1A-dm,HEK-HMEC-MULTI,pbmc-1C-dm,pbmc-2ctrl-dm,hm-6k,cline-ch,pdx-MULTI,HMEC-rep-MULTI,DOGMAseq1-RNA-ch,DOGMAseq-DIG-RNA-ch
0.1,0.524745269286754,0.7652185792349726,0.9817154446672787,0.7250323710884944,0.7875729136098665,0.9015476246622783,0.7765174252503686,0.7058649553093763,0.8230412208936438,0.7835636565512996,0.8153435658692887,0.8932622843109307,0.999928608257645,0.5925305465747495,0.7180688966062125,0.7279281811366682,0.8418674031933868,0.9049951842780705
0.5,0.5609274277396548,0.781828499369483,0.9951959617933988,0.7387317750318108,0.8036601485973465,0.9164328348264583,0.7923524861536557,0.716507735364006,0.8505821271239774,0.7969125932049616,0.8402128697945146,0.9166548522640715,0.9999259641190392,0.6153530495556407,0.7398925764774856,0.7149412684583474,0.8409556542752373,0.9097019239200432
1.0,0.5302037845705968,0.7807566204287516,0.9986780651959617,0.7595660851829602,0.8329263637181783,0.9255050510721877,0.795867858947781,0.7275314104603591,0.8402008600797146,0.8013751307326993,0.8385194421590021,0.9225664236202683,0.9999259641190391,0.6208814917552782,0.7405393653275004,0.7158345119387762,0.8438498344086132,0.9107074387631747
1.5,0.52224994801414,0.7811748633879781,0.9979666202114279,0.7633728423034473,0.8370480251520405,0.9249120931524365,0.7942527099642108,0.7290124110616583,0.8398075309418922,0.8009537242502912,0.839550446385225,0.9234601768247662,0.9999215572213629,0.6163629497437775,0.7405553479505838,0.7169484255952188,0.8445156798317033,0.9103163734684127
2.0,0.5263568309419838,0.7780222782681798,0.9975316405497582,0.7643916591987105,0.8378821042095583,0.9254474072377198,0.7947556133131183,0.7285523001077177,0.8411579609817496,0.8000367824205008,0.8375024912741525,0.9234153837241741,0.9999215572213628,0.6172112217209802,0.7402133705550866,0.7166879884449071,0.8449174189197837,0.909726078716864
